analysis_disclaimer,away_advance_prob,away_goals_90,away_goals_extra_time,away_penalties,away_team,away_win_90_prob,decided_by_extra_time,decided_by_penalties,draw_90_prob,fetched_at,final_away_win_prob,final_draw_prob,final_home_win_prob,final_recommendation,handicap_1x2_probabilities,home_advance_prob,home_goals_90,home_goals_extra_time,home_penalties,home_team,home_win_90_prob,is_finished,last_result_sync_time,loser,match_id,monte_carlo_away_win_prob,monte_carlo_draw_prob,monte_carlo_home_win_prob,most_likely_score,poisson_away_win_prob,poisson_draw_prob,poisson_home_win_prob,result_data_source,source,source_url,stage,winner,world_cup_data_weight,xgboost_away_win_prob,xgboost_confidence,xgboost_draw_prob,xgboost_home_win_prob,xgboost_predicted_result_90
,,0,,,South Africa,,False,False,,,,,,,,,2,,,Mexico,,True,,,54328038,,,,,,,,,lyihub_worldcup_static_json,https://worldcup.lyihub.com/match.html?id=54328038,小组赛 第1轮,,,,,,,
,,1,,,Czech Republic,,False,False,,,,,,,,,2,,,South Korea,,True,,,54329974,,,,,,,,,lyihub_worldcup_static_json,https://worldcup.lyihub.com/match.html?id=54329974,小组赛 第1轮,,,,,,,
,,1,,,Bosnia and Herzegovina,,False,False,,,,,,,,,1,,,Canada,,True,,,54328042,,,,,,,,,lyihub_worldcup_static_json,https://worldcup.lyihub.com/match.html?id=54328042,小组赛 第1轮,,,,,,,
,,1,,,Paraguay,,False,False,,2026-06-30T03:27:58.030364+00:00,,,,,,,4,,,United States,,True,,Paraguay,espn-760417,,,,,,,,,ESPN,https://www.espn.com/soccer/match/_/gameId/760417/paraguay-united-states,group-stage,United States,,,,,,
,,1,,,Switzerland,,False,False,,,,,,,,,1,,,Qatar,,True,,,54329984,,,,,,,,,lyihub_worldcup_static_json,https://worldcup.lyihub.com/match.html?id=54329984,小组赛 第1轮,,,,,,,
,,1,,,Morocco,,False,False,,,,,,,,,1,,,Brazil,,True,,,54329930,,,,,,,,,lyihub_worldcup_static_json,https://worldcup.lyihub.com/match.html?id=54329930,小组赛 第1轮,,,,,,,
,,1,,,Scotland,,False,False,,2026-06-30T03:27:57.592058+00:00,,,,,,,0,,,Haiti,,True,,Haiti,espn-760418,,,,,,,,,ESPN,https://www.espn.com/soccer/match/_/gameId/760418/scotland-haiti,group-stage,Scotland,,,,,,
,,0,,,Turkey,,False,False,,,,,,,,,2,,,Australia,,True,,,54329990,,,,,,,,,lyihub_worldcup_static_json,https://worldcup.lyihub.com/match.html?id=54329990,小组赛 第1轮,,,,,,,
,,1,,,Curacao,,False,False,,,,,,,,,7,,,Germany,,True,,,54329950,,,,,,,,,lyihub_worldcup_static_json,https://worldcup.lyihub.com/match.html?id=54329950,小组赛 第1轮,,,,,,,
,,2,,,Japan,,False,False,,,,,,,,,2,,,Netherlands,,True,,,54329953,,,,,,,,,lyihub_worldcup_static_json,https://worldcup.lyihub.com/match.html?id=54329953,小组赛 第1轮,,,,,,,
,,0,,,Ecuador,,False,False,,,,,,,,,1,,,Ivory Coast,,True,,,54329993,,,,,,,,,lyihub_worldcup_static_json,https://worldcup.lyihub.com/match.html?id=54329993,小组赛 第1轮,,,,,,,
,,1,,,Tunisia,,False,False,,2026-06-30T03:27:57.462592+00:00,,,,,,,5,,,Sweden,,True,,Tunisia,espn-760424,,,,,,,,,ESPN,https://www.espn.com/soccer/match/_/gameId/760424/tunisia-sweden,group-stage,Sweden,,,,,,
,,0,,,Cape Verde,,False,False,,,,,,,,,0,,,Spain,,True,,,54329959,,,,,,,,,lyihub_worldcup_static_json,https://worldcup.lyihub.com/match.html?id=54329959,小组赛 第1轮,,,,,,,
,,1,,,Egypt,,False,False,,,,,,,,,1,,,Belgium,,True,,,54329956,,,,,,,,,lyihub_worldcup_static_json,https://worldcup.lyihub.com/match.html?id=54329956,小组赛 第1轮,,,,,,,
,,1,,,Uruguay,,False,False,,,,,,,,,1,,,Saudi Arabia,,True,,,54330007,,,,,,,,,lyihub_worldcup_static_json,https://worldcup.lyihub.com/match.html?id=54330007,小组赛 第1轮,,,,,,,
,,2,,,New Zealand,,False,False,,2026-06-30T03:27:57.296841+00:00,,,,,,,2,,,Iran,,True,,,espn-760427,,,,,,,,,ESPN,https://www.espn.com/soccer/match/_/gameId/760427/new-zealand-iran,group-stage,,,,,,,
,,1,,,Senegal,,False,False,,,,,,,,,3,,,France,,True,,,54329962,,,,,,,,,lyihub_worldcup_static_json,https://worldcup.lyihub.com/match.html?id=54329962,小组赛 第1轮,,,,,,,
,,4,,,Norway,,False,False,,,,,,,,,1,,,Iraq,,True,,,54330010,,,,,,,,,lyihub_worldcup_static_json,https://worldcup.lyihub.com/match.html?id=54330010,小组赛 第1轮,,,,,,,
,,0,,,Algeria,,False,False,,2026-06-30T03:27:56.943634+00:00,,,,,,,3,,,Argentina,,True,,Algeria,espn-760433,,,,,,,,,ESPN,https://www.espn.com/soccer/match/_/gameId/760433/algeria-argentina,group-stage,Argentina,,,,,,
,,1,,,Jordan,,False,False,,2026-06-30T03:27:56.778788+00:00,,,,,,,3,,,Austria,,True,,Jordan,espn-760431,,,,,,,,,ESPN,https://www.espn.com/soccer/match/_/gameId/760431/jordan-austria,group-stage,Austria,,,,,,
,,1,,,DR Congo,,False,False,,,,,,,,,1,,,Portugal,,True,,,54329969,,,,,,,,,lyihub_worldcup_static_json,https://worldcup.lyihub.com/match.html?id=54329969,小组赛 第1轮,,,,,,,
,,2,,,Croatia,,False,False,,,,,,,,,4,,,England,,True,,,54329971,,,,,,,,,lyihub_worldcup_static_json,https://worldcup.lyihub.com/match.html?id=54329971,小组赛 第1轮,,,,,,,
,,0,,,Panama,,False,False,,,,,,,,,1,,,Ghana,,True,,,54330020,,,,,,,,,lyihub_worldcup_static_json,https://worldcup.lyihub.com/match.html?id=54330020,小组赛 第1轮,,,,,,,
,,3,,,Colombia,,False,False,,2026-06-30T03:27:56.778897+00:00,,,,,,,1,,,Uzbekistan,,True,,Uzbekistan,espn-760436,,,,,,,,,ESPN,https://www.espn.com/soccer/match/_/gameId/760436/colombia-uzbekistan,group-stage,Colombia,,,,,,
,,1,,,South Africa,,False,False,,,,,,,,,1,,,Czech Republic,,True,,,54329975,,,,,,,,,lyihub_worldcup_static_json,https://worldcup.lyihub.com/match.html?id=54329975,小组赛 第2轮,,,,,,,
,,1,,,Bosnia and Herzegovina,,False,False,,,,,,,,,4,,,Switzerland,,True,,,54329985,,,,,,,,,lyihub_worldcup_static_json,https://worldcup.lyihub.com/match.html?id=54329985,小组赛 第2轮,,,,,,,
,,0,,,Qatar,,False,False,,,,,,,,,6,,,Canada,,True,,,54328043,,,,,,,,,lyihub_worldcup_static_json,https://worldcup.lyihub.com/match.html?id=54328043,小组赛 第2轮,,,,,,,
,,0,,,South Korea,,False,False,,2026-06-30T03:27:56.412712+00:00,,,,,,,1,,,Mexico,,True,,South Korea,espn-760441,,,,,,,,,ESPN,https://www.espn.com/soccer/match/_/gameId/760441/south-korea-mexico,group-stage,Mexico,,,,,,
,,0,,,Australia,,False,False,,,,,,,,,2,,,United States,,True,,,54328046,,,,,,,,,lyihub_worldcup_static_json,https://worldcup.lyihub.com/match.html?id=54328046,小组赛 第2轮,,,,,,,
,,1,,,Morocco,,False,False,,,,,,,,,0,,,Scotland,,True,,,54329988,,,,,,,,,lyihub_worldcup_static_json,https://worldcup.lyihub.com/match.html?id=54329988,小组赛 第2轮,,,,,,,
,,0,,,Haiti,,False,False,,2026-06-30T03:27:56.234617+00:00,,,,,,,3,,,Brazil,,True,,Haiti,espn-760444,,,,,,,,,ESPN,https://www.espn.com/soccer/match/_/gameId/760444/haiti-brazil,group-stage,Brazil,,,,,,
,,1,,,Paraguay,,False,False,,,,,,,,,0,,,Turkey,,True,,,54329991,,,,,,,,,lyihub_worldcup_static_json,https://worldcup.lyihub.com/match.html?id=54329991,小组赛 第2轮,,,,,,,
,,1,,,Sweden,,False,False,,,,,,,,,5,,,Netherlands,,True,,,54329954,,,,,,,,,lyihub_worldcup_static_json,https://worldcup.lyihub.com/match.html?id=54329954,小组赛 第2轮,,,,,,,
,,1,,,Ivory Coast,,False,False,,,,,,,,,2,,,Germany,,True,,,54329951,,,,,,,,,lyihub_worldcup_static_json,https://worldcup.lyihub.com/match.html?id=54329951,小组赛 第2轮,,,,,,,
,,0,,,Curacao,,False,False,,,,,,,,,0,,,Ecuador,,True,,,54329994,,,,,,,,,lyihub_worldcup_static_json,https://worldcup.lyihub.com/match.html?id=54329994,小组赛 第2轮,,,,,,,
,,4,,,Japan,,False,False,,2026-06-30T03:27:55.944304+00:00,,,,,,,0,,,Tunisia,,True,,Tunisia,espn-760449,,,,,,,,,ESPN,https://www.espn.com/soccer/match/_/gameId/760449/japan-tunisia,group-stage,Japan,,,,,,
,,0,,,Saudi Arabia,,False,False,,,,,,,,,4,,,Spain,,True,,,54329960,,,,,,,,,lyihub_worldcup_static_json,https://worldcup.lyihub.com/match.html?id=54329960,小组赛 第2轮,,,,,,,
,,0,,,Iran,,False,False,,,,,,,,,0,,,Belgium,,True,,,54329957,,,,,,,,,lyihub_worldcup_static_json,https://worldcup.lyihub.com/match.html?id=54329957,小组赛 第2轮,,,,,,,
,,2,,,Cape Verde,,False,False,,,,,,,,,2,,,Uruguay,,True,,,54330008,,,,,,,,,lyihub_worldcup_static_json,https://worldcup.lyihub.com/match.html?id=54330008,小组赛 第2轮,,,,,,,
,,3,,,Egypt,,False,False,,2026-06-30T03:27:55.944708+00:00,,,,,,,1,,,New Zealand,,True,,New Zealand,espn-760452,,,,,,,,,ESPN,https://www.espn.com/soccer/match/_/gameId/760452/egypt-new-zealand,group-stage,Egypt,,,,,,
,,0,,,Austria,,False,False,,2026-07-01T13:19:44.289027+00:00,,,,,,,2,,,Argentina,,True,,Austria,lyihub-54329966,,,,,,,,,lyihub_worldcup_static_json,https://worldcup.lyihub.com/match.html?id=54329966,小组赛 第2轮,Argentina,,,,,,
,,0,,,Iraq,,False,False,,2026-07-01T13:19:45.364355+00:00,,,,,,,3,,,France,,True,,Iraq,lyihub-54329963,,,,,,,,,lyihub_worldcup_static_json,https://worldcup.lyihub.com/match.html?id=54329963,小组赛 第2轮,France,,,,,,
,,2,,,Senegal,,False,False,,2026-07-01T13:19:45.842975+00:00,,,,,,,3,,,Norway,,True,,Senegal,lyihub-54330011,,,,,,,,,lyihub_worldcup_static_json,https://worldcup.lyihub.com/match.html?id=54330011,小组赛 第2轮,Norway,,,,,,
,,2,,,Algeria,,False,False,,2026-07-01T13:19:46.328678+00:00,,,,,,,1,,,Jordan,,True,,Jordan,lyihub-54330014,,,,,,,,,lyihub_worldcup_static_json,https://worldcup.lyihub.com/match.html?id=54330014,小组赛 第2轮,Algeria,,,,,,
,,0,,,Uzbekistan,,False,False,,2026-07-01T13:19:46.942760+00:00,,,,,,,5,,,Portugal,,True,,Uzbekistan,lyihub-54329968,,,,,,,,,lyihub_worldcup_static_json,https://worldcup.lyihub.com/match.html?id=54329968,小组赛 第2轮,Portugal,,,,,,
,,0,,,Ghana,,False,False,,2026-07-01T13:19:47.654669+00:00,,,,,,,0,,,England,,True,,,lyihub-54329972,,,,,,,,,lyihub_worldcup_static_json,https://worldcup.lyihub.com/match.html?id=54329972,小组赛 第2轮,,,,,,,
,,1,,,Croatia,,False,False,,2026-07-01T13:19:48.111634+00:00,,,,,,,0,,,Panama,,True,,Panama,lyihub-54330021,,,,,,,,,lyihub_worldcup_static_json,https://worldcup.lyihub.com/match.html?id=54330021,小组赛 第2轮,Croatia,,,,,,
,,0,,,DR Congo,,False,False,,2026-07-01T13:19:48.562915+00:00,,,,,,,1,,,Colombia,,True,,DR Congo,lyihub-54330018,,,,,,,,,lyihub_worldcup_static_json,https://worldcup.lyihub.com/match.html?id=54330018,小组赛 第2轮,Colombia,,,,,,
,,1,,,Canada,,False,False,,2026-07-01T13:19:49.016591+00:00,,,,,,,2,,,Switzerland,,True,,Canada,lyihub-54328044,,,,,,,,,lyihub_worldcup_static_json,https://worldcup.lyihub.com/match.html?id=54328044,小组赛 第3轮,Switzerland,,,,,,
,,1,,,Qatar,,False,False,,2026-07-01T13:19:49.748370+00:00,,,,,,,3,,,Bosnia and Herzegovina,,True,,Qatar,lyihub-54329986,,,,,,,,,lyihub_worldcup_static_json,https://worldcup.lyihub.com/match.html?id=54329986,小组赛 第3轮,Bosnia and Herzegovina,,,,,,
,,3,,,Brazil,,False,False,,2026-07-01T13:19:50.210044+00:00,,,,,,,0,,,Scotland,,True,,Scotland,lyihub-54329932,,,,,,,,,lyihub_worldcup_static_json,https://worldcup.lyihub.com/match.html?id=54329932,小组赛 第3轮,Brazil,,,,,,
,,2,,,Haiti,,False,False,,2026-07-01T13:19:50.682947+00:00,,,,,,,4,,,Morocco,,True,,Haiti,lyihub-54329989,,,,,,,,,lyihub_worldcup_static_json,https://worldcup.lyihub.com/match.html?id=54329989,小组赛 第3轮,Morocco,,,,,,
,,3,,,Mexico,,False,False,,2026-07-01T13:19:51.159533+00:00,,,,,,,0,,,Czech Republic,,True,,Czech Republic,lyihub-54328041,,,,,,,,,lyihub_worldcup_static_json,https://worldcup.lyihub.com/match.html?id=54328041,小组赛 第3轮,Mexico,,,,,,
,,0,,,South Korea,,False,False,,2026-07-01T13:19:51.643502+00:00,,,,,,,1,,,South Africa,,True,,South Korea,lyihub-54329976,,,,,,,,,lyihub_worldcup_static_json,https://worldcup.lyihub.com/match.html?id=54329976,小组赛 第3轮,South Africa,,,,,,
,,1,,,Germany,,False,False,,2026-07-01T13:19:52.090153+00:00,,,,,,,2,,,Ecuador,,True,,Germany,lyihub-54329952,,,,,,,,,lyihub_worldcup_static_json,https://worldcup.lyihub.com/match.html?id=54329952,小组赛 第3轮,Ecuador,,,,,,
,,2,,,Ivory Coast,,False,False,,2026-07-01T13:19:52.812690+00:00,,,,,,,0,,,Curacao,,True,,Curacao,lyihub-54329995,,,,,,,,,lyihub_worldcup_static_json,https://worldcup.lyihub.com/match.html?id=54329995,小组赛 第3轮,Ivory Coast,,,,,,
,,3,,,Netherlands,,False,False,,2026-07-01T13:19:53.305668+00:00,,,,,,,1,,,Tunisia,,True,,Tunisia,lyihub-54329955,,,,,,,,,lyihub_worldcup_static_json,https://worldcup.lyihub.com/match.html?id=54329955,小组赛 第3轮,Netherlands,,,,,,
,,1,,,Sweden,,False,False,,2026-07-01T13:19:53.788248+00:00,,,,,,,1,,,Japan,,True,,,lyihub-54329998,,,,,,,,,lyihub_worldcup_static_json,https://worldcup.lyihub.com/match.html?id=54329998,小组赛 第3轮,,,,,,,
,,2,,,United States,,False,False,,2026-07-01T13:19:54.266840+00:00,,,,,,,3,,,Turkey,,True,,United States,lyihub-54328047,,,,,,,,,lyihub_worldcup_static_json,https://worldcup.lyihub.com/match.html?id=54328047,小组赛 第3轮,Turkey,,,,,,
,,0,,,Australia,,False,False,,2026-07-01T13:19:54.737697+00:00,,,,,,,0,,,Paraguay,,True,,,lyihub-54329992,,,,,,,,,lyihub_worldcup_static_json,https://worldcup.lyihub.com/match.html?id=54329992,小组赛 第3轮,,,,,,,
,,4,,,France,,False,False,,2026-07-01T13:19:55.193797+00:00,,,,,,,1,,,Norway,,True,,Norway,lyihub-54329964,,,,,,,,,lyihub_worldcup_static_json,https://worldcup.lyihub.com/match.html?id=54329964,小组赛 第3轮,France,,,,,,
,,0,,,Iraq,,False,False,,2026-07-01T13:19:55.950993+00:00,,,,,,,5,,,Senegal,,True,,Iraq,lyihub-54330012,,,,,,,,,lyihub_worldcup_static_json,https://worldcup.lyihub.com/match.html?id=54330012,小组赛 第3轮,Senegal,,,,,,
,,1,,,Spain,,False,False,,2026-07-01T13:19:56.450899+00:00,,,,,,,0,,,Uruguay,,True,,Uruguay,lyihub-54329961,,,,,,,,,lyihub_worldcup_static_json,https://worldcup.lyihub.com/match.html?id=54329961,小组赛 第3轮,Spain,,,,,,
,,0,,,Saudi Arabia,,False,False,,2026-07-01T13:19:56.940912+00:00,,,,,,,0,,,Cape Verde,,True,,,lyihub-54330009,,,,,,,,,lyihub_worldcup_static_json,https://worldcup.lyihub.com/match.html?id=54330009,小组赛 第3轮,,,,,,,
,,5,,,Belgium,,False,False,,2026-07-01T13:19:57.405230+00:00,,,,,,,1,,,New Zealand,,True,,New Zealand,lyihub-54329958,,,,,,,,,lyihub_worldcup_static_json,https://worldcup.lyihub.com/match.html?id=54329958,小组赛 第3轮,Belgium,,,,,,
,,1,,,Iran,,False,False,,2026-07-01T13:19:57.894757+00:00,,,,,,,1,,,Egypt,,True,,,lyihub-54330001,,,,,,,,,lyihub_worldcup_static_json,https://worldcup.lyihub.com/match.html?id=54330001,小组赛 第3轮,,,,,,,
,,2,,,England,,False,False,,2026-07-01T13:19:58.358190+00:00,,,,,,,0,,,Panama,,True,,Panama,lyihub-54329973,,,,,,,,,lyihub_worldcup_static_json,https://worldcup.lyihub.com/match.html?id=54329973,小组赛 第3轮,England,,,,,,
,,1,,,Ghana,,False,False,,2026-07-01T13:19:59.126909+00:00,,,,,,,2,,,Croatia,,True,,Ghana,lyihub-54330022,,,,,,,,,lyihub_worldcup_static_json,https://worldcup.lyihub.com/match.html?id=54330022,小组赛 第3轮,Croatia,,,,,,
,,0,,,Portugal,,False,False,,2026-07-01T13:19:59.607900+00:00,,,,,,,0,,,Colombia,,True,,,lyihub-54329970,,,,,,,,,lyihub_worldcup_static_json,https://worldcup.lyihub.com/match.html?id=54329970,小组赛 第3轮,,,,,,,
,,1,,,Uzbekistan,,False,False,,2026-07-01T13:20:00.090082+00:00,,,,,,,3,,,DR Congo,,True,,Uzbekistan,lyihub-54330019,,,,,,,,,lyihub_worldcup_static_json,https://worldcup.lyihub.com/match.html?id=54330019,小组赛 第3轮,DR Congo,,,,,,
,,3,,,Argentina,,False,False,,2026-07-01T13:20:00.560392+00:00,,,,,,,1,,,Jordan,,True,,Jordan,lyihub-54329967,,,,,,,,,lyihub_worldcup_static_json,https://worldcup.lyihub.com/match.html?id=54329967,小组赛 第3轮,Argentina,,,,,,
,,3,,,Austria,,False,False,,2026-07-01T13:20:01.046776+00:00,,,,,,,3,,,Algeria,,True,,,lyihub-54330015,,,,,,,,,lyihub_worldcup_static_json,https://worldcup.lyihub.com/match.html?id=54330015,小组赛 第3轮,,,,,,,
,,1,,,Canada,,False,False,,,,,,,,,0,,,South Africa,,True,,,54327932,,,,,,,,,lyihub_worldcup_static_json,https://worldcup.lyihub.com/match.html?id=54327932,1/16决赛,,,,,,,
,,1,,,Japan,,False,False,,2026-07-01T12:41:46.817607+00:00,,,,,,,2,,,Brazil,,True,,Japan,lyihub-54327935,,,,,,,,,lyihub_worldcup_static_json,https://worldcup.lyihub.com/match.html?id=54327935,1/16决赛,Brazil,,,,,,
,,5,,,Paraguay,,False,False,,2026-07-01T12:41:46.817625+00:00,,,,,,,4,,,Germany,,True,,Germany,lyihub-54327933,,,,,,,,,lyihub_worldcup_static_json,https://worldcup.lyihub.com/match.html?id=54327933,1/16决赛,Paraguay,,,,,,
,,4,,,Morocco,,False,False,,2026-07-01T12:41:46.817629+00:00,,,,,,,3,,,Netherlands,,True,,Netherlands,lyihub-54327934,,,,,,,,,lyihub_worldcup_static_json,https://worldcup.lyihub.com/match.html?id=54327934,1/16决赛,Morocco,,,,,,
,,2,,,Norway,,False,False,,2026-07-01T13:19:41.949510+00:00,,,,,,,1,,,Ivory Coast,,True,,Ivory Coast,lyihub-54327937,,,,,,,,,lyihub_worldcup_static_json,https://worldcup.lyihub.com/match.html?id=54327937,1/16决赛,Norway,,,,,,
,,0,,,Sweden,,False,False,,2026-07-01T13:19:41.949537+00:00,,,,,,,3,,,France,,True,,Sweden,lyihub-54327936,,,,,,,,,lyihub_worldcup_static_json,https://worldcup.lyihub.com/match.html?id=54327936,1/16决赛,France,,,,,,
,,0,,,Ecuador,,False,False,,2026-07-01T13:19:41.949540+00:00,,,,,,,2,,,Mexico,,True,,Ecuador,lyihub-54327939,,,,,,,,,lyihub_worldcup_static_json,https://worldcup.lyihub.com/match.html?id=54327939,1/16决赛,Mexico,,,,,,
,,1,,,DR Congo,,False,False,,2026-07-02T07:54:11.938642+00:00,,,,,,,2,,,England,,True,,DR Congo,lyihub-54327940,,,,,,,,,lyihub_worldcup_static_json,https://worldcup.lyihub.com/match.html?id=54327940,1/16决赛,England,,,,,,
,,2,,,Senegal,,False,False,,2026-07-02T07:54:11.938671+00:00,,,,,,,3,,,Belgium,,True,,Senegal,lyihub-54327943,,,,,,,,,lyihub_worldcup_static_json,https://worldcup.lyihub.com/match.html?id=54327943,1/16决赛,Belgium,,,,,,
,,0,,,Bosnia and Herzegovina,,False,False,,2026-07-02T07:54:11.938676+00:00,,,,,,,2,,,United States,,True,,Bosnia and Herzegovina,lyihub-54327941,,,,,,,,,lyihub_worldcup_static_json,https://worldcup.lyihub.com/match.html?id=54327941,1/16决赛,United States,,,,,,
,,0,,,Austria,,False,False,,2026-07-03T07:01:55.334280+00:00,,,,,,,3,,,Spain,,True,,Austria,lyihub-54327945,,,,,,,,,lyihub_worldcup_static_json,https://worldcup.lyihub.com/match.html?id=54327945,1/16决赛,Spain,,,,,,
,,1,,,Croatia,,False,False,,2026-07-03T07:01:55.334307+00:00,,,,,,,2,,,Portugal,,True,,Croatia,lyihub-54327944,,,,,,,,,lyihub_worldcup_static_json,https://worldcup.lyihub.com/match.html?id=54327944,1/16决赛,Portugal,,,,,,
,,0,,,Algeria,,False,False,,2026-07-03T07:01:55.334311+00:00,,,,,,,2,,,Switzerland,,True,,Algeria,lyihub-54327946,,,,,,,,,lyihub_worldcup_static_json,https://worldcup.lyihub.com/match.html?id=54327946,1/16决赛,Switzerland,,,,,,
,,1,,5,Egypt,,False,True,,2026-07-04T08:44:16.965499+00:00,,,,,,,1,,3,Australia,,True,,Australia,lyihub-54328013,,,,,,,,,lyihub_worldcup_static_json,https://worldcup.lyihub.com/match.html?id=54328013,1/16决赛,Egypt,,,,,,
,,1,,,Cape Verde,,False,False,,2026-07-04T08:44:16.965525+00:00,,,,,,,1,,,Argentina,,True,,,lyihub-54327947,,,,,,,,,lyihub_worldcup_static_json,https://worldcup.lyihub.com/match.html?id=54327947,1/16决赛,,,,,,,
,,0,,,Ghana,,False,False,,2026-07-04T08:44:16.965529+00:00,,,,,,,0,,,Colombia,,True,,,lyihub-54328012,,,,,,,,,lyihub_worldcup_static_json,https://worldcup.lyihub.com/match.html?id=54328012,1/16决赛,,,,,,,
,,3,,,Morocco,,False,False,,2026-07-05T07:11:41.094854+00:00,,,,,,,0,,,Canada,,True,,Canada,lyihub-54328018,,,,,,,,,lyihub_worldcup_static_json,https://worldcup.lyihub.com/match.html?id=54328018,1/8决赛,Morocco,,,,,,
,,1,,,France,,False,False,,2026-07-05T07:11:41.094875+00:00,,,,,,,0,,,Paraguay,,True,,Paraguay,lyihub-54328017,,,,,,,,,lyihub_worldcup_static_json,https://worldcup.lyihub.com/match.html?id=54328017,1/8决赛,France,,,,,,
,,2,,,Norway,,False,False,,2026-07-06T08:04:44.762314+00:00,,,,,,,1,,,Brazil,,True,,Brazil,lyihub-54328019,,,,,,,,,lyihub_worldcup_static_json,https://worldcup.lyihub.com/match.html?id=54328019,1/8决赛,Norway,,,,,,
,,0,,,England,,False,False,,2026-07-06T08:04:44.762334+00:00,,,,,,,0,,,Mexico,,True,,,lyihub-54328020,,,,,,,,,lyihub_worldcup_static_json,https://worldcup.lyihub.com/match.html?id=54328020,1/8决赛,,,,,,,
仅做数据分析，不构成投注建议。,0.5307572486891499,,,,Spain,0.5307572486891499,,,0.30588726169203684,,0.5307572486891499,0.30588726169203684,0.16335548961881338,客胜,,0.16335548961881338,,,,Portugal,0.16335548961881338,False,2026-07-06T08:04:47.206109+00:00,,lyihub-54328021,0.6112,0.3107,0.0781,0-0,0.6044950115572265,0.3105019279793171,0.08500306046345629,ESPN,,,1/8决赛,,0.0,0.5339727759635142,中,0.1908341069430334,0.2751931170934525,客胜
仅做数据分析，不构成投注建议。,0.527970910371964,,,,Belgium,0.527970910371964,,,0.18409713284820917,,0.527970910371964,0.18409713284820917,0.2879319567798268,客胜,,0.2879319567798268,,,,United States,0.2879319567798268,False,2026-07-06T08:04:47.697408+00:00,,lyihub-54328022,0.7009,0.1498,0.1493,1-1,0.6884853594745131,0.14793434682252546,0.16358029370296145,ESPN,,,1/8决赛,,0.0,0.7011650027423362,中,0.10396288515676737,0.19487211210089656,客胜
仅做数据分析，不构成投注建议。,0.0695109945309778,,,,Egypt,0.0695109945309778,,,0.1641288301952652,,0.0695109945309778,0.1641288301952652,0.7663601752737571,主胜,,0.7663601752737571,,,,Argentina,0.7663601752737571,False,2026-07-06T08:04:48.460804+00:00,,lyihub-54328023,0.0571,0.1679,0.775,2-0,0.061352478863858466,0.16563122127102817,0.7730162998651134,ESPN,,,1/8决赛,,0.0,0.10194798888382905,高,0.15950048987545004,0.7385515212407209,主胜
仅做数据分析，不构成投注建议。,0.34140674541130817,,,,Colombia,0.34140674541130817,,,0.3429910588659333,,0.34140674541130817,0.3429910588659333,0.31560219572275855,平局,,0.31560219572275855,,,,Switzerland,0.31560219572275855,False,2026-07-06T08:04:48.942994+00:00,,lyihub-54328024,0.329,0.3233,0.3477,0-0,0.3450996397154934,0.31016617141171166,0.3447341888727948,ESPN,,,1/8决赛,,0.0,0.3912593642793054,低,0.2765406101003776,0.33220002562031703,平局
仅做数据分析，不构成投注建议。,0.207116577380158,,,,Morocco,0.207116577380158,,,0.26680286245500157,,0.207116577380158,0.26680286245500157,0.5260805601648405,主胜,,0.5260805601648405,,,,France,0.5260805601648405,False,2026-07-06T08:04:49.721861+00:00,,lyihub-54328025,0.1718,0.2174,0.6108,2-0,0.18003806548159496,0.20889716186371027,0.611064772654695,ESPN,,,1/4决赛,,0.0,0.29698079519734777,中,0.3251298180382768,0.37788938676437556,主胜
仅做数据分析，不构成投注建议。,0.37779381703092413,,,,美国/比利时,0.37779381703092413,,,0.3203826217344546,,0.37779381703092413,0.3203826217344546,0.30182356123462123,客胜,,0.30182356123462123,,,,葡萄牙/西班牙,0.30182356123462123,False,2026-07-06T08:04:50.490854+00:00,,lyihub-54328026,0.3534,0.296,0.3506,1-1,0.353607166422963,0.29278566715407395,0.3536071664229631,ESPN,,,1/4决赛,,0.0,0.45325581668219106,低,0.3131185754197844,0.23362560789802467,客胜
仅做数据分析，不构成投注建议。,0.803699273749014,,,,England,0.803699273749014,,,0.12865175676572138,,0.803699273749014,0.12865175676572138,0.06764896948526464,客胜,,0.06764896948526464,,,,Norway,0.06764896948526464,False,2026-07-06T08:04:51.296139+00:00,,lyihub-54328027,0.8019,0.1253,0.0728,1-3,0.7921140774270738,0.1255162896953293,0.08236963287759673,ESPN,,,1/4决赛,,0.0,0.8729441541628435,高,0.07825008262187183,0.048805763215284695,客胜
仅做数据分析，不构成投注建议。,0.3771961291082466,,,,瑞士/哥伦比亚,0.3771961291082466,,,0.3213306307239644,,0.3771961291082466,0.3213306307239644,0.301473240167789,客胜,,0.301473240167789,,,,阿根廷/埃及,0.301473240167789,False,2026-07-06T08:04:51.755950+00:00,,lyihub-54328028,0.3494,0.3017,0.3489,1-1,0.35395705419475076,0.29208589161049864,0.35395705419475076,ESPN,,,1/4决赛,,0.0,0.4545471258942058,低,0.31173923654648006,0.2337136375593142,客胜
仅做数据分析，不构成投注建议。,0.3716078198163312,,,,第2场1/4决赛胜者,0.3716078198163312,,,0.32650273059521373,,0.3716078198163312,0.32650273059521373,0.30188944958845515,客胜,,0.30188944958845515,,,,法国/摩洛哥,0.30188944958845515,False,2026-07-06T08:04:52.526086+00:00,,lyihub-54328029,0.3488,0.3008,0.3504,1-1,0.3512439090713084,0.29427366911011976,0.35448242181857204,ESPN,,,半决赛,,0.0,0.4415597604643263,低,0.3252701065036303,0.2331701330320434,客胜
仅做数据分析，不构成投注建议。,0.3716078198163312,,,,第4场1/4决赛胜者,0.3716078198163312,,,0.32650273059521373,,0.3716078198163312,0.32650273059521373,0.30188944958845515,客胜,,0.30188944958845515,,,,挪威/英格兰,0.30188944958845515,False,2026-07-06T08:04:54.024684+00:00,,lyihub-54328030,0.3488,0.3008,0.3504,1-1,0.3512439090713084,0.29427366911011976,0.35448242181857204,ESPN,,,半决赛,,0.0,0.4415597604643263,低,0.3252701065036303,0.2331701330320434,客胜
仅做数据分析，不构成投注建议。,0.33991914040941423,,,,第2场半决赛败者,0.33991914040941423,,,0.27248184472779363,,0.33991914040941423,0.27248184472779363,0.3875990148627921,主胜,,0.3875990148627921,,,,第1场半决赛败者,0.3875990148627921,False,2026-07-06T08:04:54.785801+00:00,,lyihub-54328032,0.3567,0.2854,0.3579,1-1,0.36430075621019514,0.2713984875796099,0.36430075621019514,ESPN,,,季军赛,,0.0,0.2545450825138831,低,0.27282375027639616,0.47263116720972087,主胜
仅做数据分析，不构成投注建议。,0.37182807122005923,,,,第2场半决赛胜者,0.37182807122005923,,,0.3298464045785739,,0.37182807122005923,0.3298464045785739,0.29832552420136693,客胜,,0.29832552420136693,,,,第1场半决赛胜者,0.29832552420136693,False,2026-07-06T08:04:55.553562+00:00,,lyihub-54328033,0.3405,0.3155,0.344,1-1,0.3507686723685857,0.2984626552628286,0.3507686723685858,ESPN,,,决赛,,0.0,0.4494051004277822,低,0.3189518033874934,0.23164309618472448,客胜
